,from_roman,to_roman
0,i,VI
1,VI,III
2,III,VII
3,VII,i
4,i,VI
5,VI,III
6,III,VII
7,VII,i
8,i,VI
9,VI,III
10,III,VII
11,VII,i
12,i,VI
13,VI,III
14,III,v
15,v,i
16,i,VI
17,VI,III
18,III,VII
19,VII,i
20,i,VI
21,VI,III
22,III,VII
23,VII,i
24,i,VI
25,VI,III
26,III,VII
27,VII,i
28,i,VI
29,VI,III
30,III,VII
31,VII,i
32,i,VI
33,VI,III
34,III,VII
35,VII,i
36,i,VI
37,VI,III
38,III,VII
39,VII,i
40,i,VI
41,VI,III
42,III,VII
43,VII,i
44,i,VI
45,VI,III
46,III,v
47,v,i
48,i,VI
49,VI,III
50,III,VII
51,VII,i
52,i,VI
53,VI,III
54,III,VII
55,VII,i
56,i,VI
57,VI,III
58,III,VII
59,VII,i
60,i,VI
61,VI,III
62,III,VII
63,VII,i
64,i,VI
65,VI,III
66,III,VII
67,VII,i
68,i,VI
69,VI,III
70,III,VII
71,VII,i
72,i,VI
73,VI,III
74,III,VII
75,VII,i
76,i,VI
77,VI,III
78,III,VII
79,VII,i
80,i,VI
81,VI,III
82,III,VII
83,VII,i
84,i,VI
85,VI,III
86,III,VII
87,VII,i
88,i,VI
89,VI,III
90,III,VII
0,i,III
1,III,IV6
2,IV6,VI
3,VI,V7
4,V7,i
5,i,III
6,III,IV6
7,IV6,VI
8,VI,i
9,i,III
10,III,IV6
11,IV6,VI
12,VI,i
13,i,III
14,III,IV6
15,IV6,VI
16,VI,i
17,i,III
18,III,IV6
19,IV6,VI
20,VI,V7
21,V7,V7
22,V7,i
23,i,III
24,III,IV6
25,IV6,V7
26,V7,i
27,i,III
28,III,IV6
29,IV6,VI
30,VI,i
31,i,i
32,i,III
33,III,IV6
34,IV6,VI
35,VI,i
36,i,i
37,i,III
38,III,IV6
39,IV6,IV6
40,IV6,VI
41,VI,i
42,i,III
43,III,IV6
44,IV6,VI
45,VI,V7
46,V7,V7
47,V7,i
48,i,III
49,III,IV6
50,IV6,IV6
51,IV6,V7
52,V7,i
53,i,III
54,III,IV6
55,IV6,VI
56,VI,i
57,i,III
58,III,IV6
59,IV6,VI
60,VI,i
61,i,i
62,i,i
0,‚ôØi,VI
1,VI,III
2,III,III
3,III,‚ôØIV
4,‚ôØIV,III
5,III,III
6,III,‚ôØi
7,‚ôØi,VI
8,VI,III
9,III,III
10,III,‚ôØi
11,‚ôØi,VI
12,VI,III
13,III,III
14,III,‚ôØi
15,‚ôØi,VI
16,VI,III
17,III,III
18,III,‚ôØi
19,‚ôØi,VI
20,VI,III
21,III,III
22,III,‚ôØi
23,‚ôØi,VI
24,VI,VII
25,VII,‚ôØi
26,‚ôØi,VI
27,VI,III
28,III,III
29,III,‚ôØi
30,‚ôØi,VI
31,VI,III
32,III,III
33,III,‚ôØi
34,‚ôØi,‚ôØIV
35,‚ôØIV,III
36,III,III
37,III,‚ôØi
38,‚ôØi,VI
39,VI,III
40,III,III
41,III,‚ôØi
42,‚ôØi,VI
43,VI,III
44,III,III
45,III,‚ôØi
46,‚ôØi,VI
47,VI,III
48,III,III
49,III,‚ôØi
50,‚ôØi,VI
51,VI,VII
52,VII,‚ôØi
53,‚ôØi,VI
54,VI,III
55,III,III
56,III,‚ôØi
57,‚ôØi,VI
58,VI,III
59,III,III
60,III,‚ôØi
61,‚ôØi,‚ôØIV
62,‚ôØIV,III
63,III,III
64,III,‚ôØi
65,‚ôØi,VI
66,VI,III
67,III,III
68,III,‚ôØi
69,‚ôØi,VI
70,VI,VII
71,VII,‚ôØi
72,‚ôØi,VI
73,VI,III
74,III,III
75,III,‚ôØi
76,‚ôØi,VI
77,VI,III
78,III,VII6
79,VII6,‚ôØi
80,‚ôØi,‚ôØiv
81,‚ôØiv,III
0,III,VII
1,VII,i
2,i,VI
3,VI,III
4,III,VII
5,VII,i
6,i,VI
7,VI,III
8,III,VII
9,VII,i
10,i,VI
11,VI,III
12,III,VII
13,VII,i
14,i,VI
15,VI,III
16,III,VII
17,VII,i
18,i,VI
19,VI,III
20,III,VII
21,VII,i
22,i,VI
23,VI,III
24,III,VII
25,VII,i
26,i,VI
27,VI,III
28,III,VII
29,VII,i
30,i,VI
31,VI,III
32,III,VII
33,VII,i
34,i,VI
35,VI,III
36,III,VII
37,VII,i
38,i,VI
39,VI,III
40,III,VII
41,VII,i
42,i,VI
43,VI,III
44,III,VII
45,VII,i
46,i,VI
47,VI,III
48,III,VII
49,VII,i
50,i,VI
51,VI,III
52,III,VII
53,VII,i
54,i,VI
55,VI,III
56,III,VII
57,VII,i
58,i,VI
59,VI,III
60,III,VII
61,VII,i
62,i,VI
63,VI,III
64,III,VII
65,VII,i
66,i,VI
67,VI,III
68,III,VII
69,VII,i
70,i,VI
71,VI,III
72,III,VII
73,VII,i
74,i,VI
75,VI,III
76,III,VII
77,VII,i
78,i,VI
79,VI,III
80,III,VII
81,VII,i
82,i,VI
83,VI,III
84,III,VII
85,VII,i
86,i,III
87,III,VII
88,VII,i
89,i,VI
90,VI,III
91,III,VII
92,VII,i
93,i,VI
94,VI,III
95,III,VII
96,VII,i
97,i,VI
98,VI,III
99,III,VII
100,VII,i
101,i,VI
102,VI,III
103,III,VII
104,VII,i
105,i,VI
106,VI,III
107,III,VII
108,VII,i
109,i,VI
0,vi7,I
1,I,IV
2,IV,I
3,I,V
4,V,vi7
5,vi7,I
6,I,IV
7,IV,I
8,I,V
9,V,vi7
10,vi7,I
11,I,IV
12,IV,I
13,I,V
14,V,vi7
15,vi7,I
16,I,IV
17,IV,I
18,I,V
19,V,vi7
20,vi7,I
21,I,IV
22,IV,I
23,I,V
24,V,IV
25,IV,V
26,V,vi
27,vi,V6
28,V6,I
29,I,IV
30,IV,IV
31,IV,V
32,V,vi
33,vi,V6
34,V6,I
35,I,IV
36,IV,vi7
37,vi7,I
38,I,IV
39,IV,I
40,I,V
41,V,vi7
42,vi7,I
43,I,IV
44,IV,I
45,I,V
46,V,vi7
47,vi7,I
48,I,IV
49,IV,I
50,I,V
51,V,ii7
52,ii7,I6
53,I6,IV
54,IV,ii7
55,ii7,I6
56,I6,IV
57,IV,vi7
58,vi7,I
59,I,IV
60,IV,I
61,I,V
62,V,vi7
63,vi7,I
64,I,IV
65,IV,I
66,I,V
67,V,vi7
68,vi7,I
69,I,IV
70,IV,I
71,I,V
72,V,vi7
73,vi7,I
74,I,IV
75,IV,I
76,I,V
77,V,vi7
78,vi7,I
79,I,IV
80,IV,I
81,I,V
82,V,vi7
83,vi7,I
84,I,IV
85,IV,I
86,I,V
87,V,IV
88,IV,V
89,V,vi
90,vi,V6
91,V6,I
92,I,IV
93,IV,IV
94,IV,V
95,V,vi
96,vi,V6
97,V6,I
98,I,IV
99,IV,vi7
100,vi7,I
101,I,IV
102,IV,I
103,I,V
104,V,vi7
105,vi7,I
106,I,IV
107,IV,I
108,I,V
109,V,vi7
110,vi7,I
111,I,IV
112,IV,I
113,I,V
114,V,ii7
115,ii7,I6
116,I6,IV
117,IV,ii7
118,ii7,I6
119,I6,IV
120,IV,vi7
121,vi7,I
122,I,IV
123,IV,I
124,I,V
125,V,vi7
126,vi7,I
127,I,IV
128,IV,I
129,I,V
130,V,vi7
131,vi7,I
132,I,IV
133,IV,I
134,I,V
135,V,vi7
136,vi7,I
137,I,IV
138,IV,I
139,I,V
0,ii,I
1,I,IV
2,IV,VII
3,VII,ii
4,ii,IV
5,IV,I
6,I,IV
7,IV,I
8,I,VII
9,VII,ii
10,ii,IV
11,IV,I
12,I,IV
13,IV,I
14,I,VII
15,VII,ii
16,ii,IV
17,IV,I
18,I,IV
19,IV,I
20,I,VII
21,VII,ii
22,ii,IV
23,IV,I
24,I,IV
25,IV,I
26,I,VII
27,VII,ii
28,ii,IV
29,IV,I
30,I,IV
31,IV,I
32,I,VII
33,VII,ii
34,ii,IV
35,IV,I
36,I,IV
37,IV,I
38,I,VII
39,VII,ii
40,ii,IV
41,IV,I
42,I,IV
43,IV,I
44,I,VII
45,VII,ii
46,ii,IV
47,IV,I
48,I,IV
49,IV,I
50,I,VII
51,VII,ii
52,ii,IV
53,IV,I
54,I,IV
55,IV,I
56,I,VII
57,VII,ii
58,ii,IV
59,IV,I
60,I,IV
61,IV,I
62,I,VII
63,VII,ii
64,ii,IV
65,IV,I
66,I,IV
67,IV,I
68,I,VII
69,VII,ii
70,ii,IV
71,IV,I
72,I,IV
73,IV,I
74,I,VII
75,VII,ii
76,ii,IV
77,IV,I
78,I,IV
79,IV,I
80,I,VII
81,VII,ii
82,ii,IV
83,IV,I
84,I,IV
85,IV,I
86,I,VII
87,VII,ii
88,ii,IV
89,IV,I
90,I,IV
91,IV,I
92,I,VII
93,VII,ii
94,ii,IV
95,IV,I
96,I,IV
97,IV,I
98,I,VII
99,VII,ii
100,ii,IV
101,IV,I
102,I,IV
103,IV,I
104,I,VII
105,VII,ii
106,ii,IV
107,IV,I
108,I,IV
109,IV,I
110,I,VII
111,VII,ii
112,ii,IV
113,IV,I
114,I,IV
115,IV,I
116,I,VII
117,VII,ii
118,ii,IV
119,IV,I
120,I,IV
121,IV,I
122,I,VII
123,VII,ii
124,ii,IV
125,IV,I
126,I,IV
127,IV,I
128,I,VII
129,VII,ii
130,ii,IV
131,IV,I
132,I,IV
133,IV,I
134,I,VII
135,VII,ii
136,ii,IV
137,IV,I
138,I,IV
139,IV,I
140,I,VII
141,VII,ii
142,ii,IV
143,IV,I
144,I,IV
145,IV,I
146,I,VII
147,VII,ii
148,ii,IV
149,IV,I
150,I,IV
151,IV,I
152,I,VII
0,vi,V
1,V,iii
2,iii,IV
3,IV,IV
4,IV,V
5,V,iii
6,iii,IV
7,IV,vi
8,vi,V
9,V,iii
10,iii,IV
11,IV,IV
12,IV,V
13,V,iii
14,iii,IV
15,IV,vi
16,vi,V
17,V,iii
18,iii,IV
19,IV,IV
20,IV,V
21,V,iii
22,iii,IV
23,IV,IV
24,IV,IV
25,IV,V
26,V,iii
27,iii,IV
28,IV,IV
29,IV,V
30,V,iii
31,iii,IV
32,IV,IV
33,IV,V
34,V,iii
35,iii,IV
36,IV,IV
37,IV,V
38,V,iii
39,iii,IV
40,IV,vi
41,vi,V
42,V,iii
43,iii,IV
44,IV,IV
45,IV,V
46,V,iii
47,iii,IV
48,IV,vi
49,vi,V
50,V,iii
51,iii,IV
52,IV,IV
53,IV,V
54,V,iii
55,iii,IV
56,IV,IV
57,IV,V
58,V,iii
59,iii,IV
60,IV,IV
61,IV,V
62,V,iii
63,iii,IV
64,IV,IV
65,IV,V
66,V,iii
67,iii,IV
68,IV,IV
69,IV,V
70,V,iii
71,iii,IV
72,IV,IV
73,IV,IV
74,IV,V
75,V,iii
76,iii,IV
77,IV,IV
78,IV,V
79,V,iii
80,iii,IV
81,IV,vi
82,vi,V
83,V,iii
84,iii,IV
85,IV,IV
86,IV,V
87,V,iii
88,iii,IV
89,IV,vi
90,vi,V
91,V,iii
92,iii,IV
93,IV,IV
94,IV,V
95,V,iii
96,iii,IV
97,IV,vi
98,vi,V
99,V,iii
100,iii,IV
101,IV,IV
102,IV,V
103,V,iii
104,iii,IV
105,IV,IV
106,IV,V
107,V,iii
108,iii,IV
109,IV,IV
110,IV,V
111,V,iii
112,iii,IV
113,IV,IV
114,IV,V
115,V,iii
116,iii,IV
117,IV,IV
118,IV,V
119,V,iii
120,iii,IV
121,IV,IV
122,IV,V
123,V,iii
124,iii,IV
125,IV,IV
126,IV,V
127,V,iii
128,iii,IV
129,IV,IV
130,IV,V
131,V,iii
132,iii,IV
133,IV,vi
134,vi,vi
135,vi,V
136,V,iii
137,iii,IV
0,I,I
1,I,I
2,I,I
3,I,I
4,I,I
5,I,IV
6,IV,vi
7,vi,V
8,V,I
9,I,IV
10,IV,I
11,I,V
12,V,I
13,I,IV
14,IV,VI7
15,VI7,ii
16,ii,‚ô≠vii
17,‚ô≠vii,IV
18,IV,I
19,I,IV
20,IV,I
21,I,I
22,I,IV
23,IV,vi
24,vi,V
25,V,I
26,I,IV
27,IV,I
28,I,V
29,V,I
30,I,I
31,I,IV
32,IV,vi
33,vi,V
34,V,I
35,I,IV
36,IV,I
37,I,V
38,V,I
39,I,IV
40,IV,VI7
41,VI7,ii
42,ii,‚ô≠vii
43,‚ô≠vii,IV
44,IV,I
45,I,IV
46,IV,I
47,I,I
48,I,IV
49,IV,vi
50,vi,V
51,V,I
52,I,IV
53,IV,I
54,I,V
55,V,I
56,I,I
57,I,IV
58,IV,vi
59,vi,V
60,V,I
61,I,IV
62,IV,I
63,I,V
64,V,I
65,I,IV
66,IV,VI7
67,VI7,ii
68,ii,‚ô≠vii
69,‚ô≠vii,IV
70,IV,I
71,I,IV
0,i,IV
1,IV,VI
2,VI,‚ô≠IV
3,‚ô≠IV,i
4,i,IV
5,IV,VI
6,VI,‚ô≠IV
7,‚ô≠IV,‚ô≠VI
8,‚ô≠VI,i
9,i,IV
10,IV,VI
11,VI,‚ô≠IV
12,‚ô≠IV,i
13,i,IV
14,IV,VI
15,VI,‚ô≠IV
16,‚ô≠IV,‚ô≠VI
17,‚ô≠VI,iv
18,iv,III
19,III,VII
20,VII,VI
21,VI,iv
22,iv,III
23,III,VII
24,VII,iv
25,iv,III
26,III,VII
27,VII,VI
28,VI,iv
29,iv,III
30,III,VII
31,VII,i
32,i,IV
33,IV,VI
34,VI,‚ô≠IV
35,‚ô≠IV,i
36,i,IV
37,IV,VI
38,VI,‚ô≠IV
39,‚ô≠IV,‚ô≠VI
40,‚ô≠VI,i
41,i,IV
42,IV,VI
43,VI,‚ô≠IV
44,‚ô≠IV,i
45,i,IV
46,IV,VI
47,VI,‚ô≠IV
48,‚ô≠IV,‚ô≠VI
49,‚ô≠VI,iv
50,iv,III
51,III,VII
52,VII,VI
53,VI,iv
54,iv,III
55,III,VII
56,VII,iv
57,iv,III
58,III,VII
59,VII,VI
60,VI,iv
61,iv,III
62,III,VII
63,VII,iv
64,iv,III
65,III,VII
66,VII,VI
67,VI,iv
68,iv,III
69,III,VII
70,VII,iv
71,iv,III
72,III,VII
73,VII,VI
74,VI,iv
75,iv,III
76,III,VII
77,VII,iv
0,i,ùÑ™VI
1,ùÑ™VI,‚ôØII
2,‚ôØII,v
3,v,ùÑ™VI
4,ùÑ™VI,i
5,i,ùÑ™VI
6,ùÑ™VI,‚ôØII
7,‚ôØII,v
8,v,i
9,i,ùÑ™VI
10,ùÑ™VI,‚ôØII
11,‚ôØII,v
12,v,i
13,i,ùÑ™VI
14,ùÑ™VI,‚ôØII
15,‚ôØII,v
16,v,i
17,i,ùÑ™VI
18,ùÑ™VI,‚ôØII
19,‚ôØII,v
20,v,i
21,i,ùÑ™VI
22,ùÑ™VI,‚ôØII
23,‚ôØII,v
24,v,i
25,i,ùÑ™VI
26,ùÑ™VI,‚ôØII
27,‚ôØII,v
28,v,i
29,i,ùÑ™VI
30,ùÑ™VI,ùÑ™VI
31,ùÑ™VI,‚ôØII
32,‚ôØII,‚ôØII
33,‚ôØII,i
34,i,‚ôØI
35,‚ôØI,‚ôØII
36,‚ôØII,i
37,i,‚ôØI
38,‚ôØI,‚ôØII
39,‚ôØII,i
40,i,‚ôØI
41,‚ôØI,‚ôØII
42,‚ôØII,i
43,i,‚ôØI
44,‚ôØI,i
45,i,i
46,i,ùÑ™VI
47,ùÑ™VI,‚ôØII
48,‚ôØII,v
49,v,ùÑ™VI
50,ùÑ™VI,i
51,i,ùÑ™VI
52,ùÑ™VI,‚ôØII
53,‚ôØII,v
54,v,i
55,i,ùÑ™VI
56,ùÑ™VI,‚ôØII
57,‚ôØII,v
58,v,i
59,i,ùÑ™VI
60,ùÑ™VI,ùÑ™VI
61,ùÑ™VI,‚ôØII
62,‚ôØII,v
63,v,i
64,i,ùÑ™VI
65,ùÑ™VI,ùÑ™VI
66,ùÑ™VI,‚ôØII
67,‚ôØII,‚ôØII
68,‚ôØII,i
69,i,‚ôØI
70,‚ôØI,‚ôØII
71,‚ôØII,i
72,i,‚ôØI
73,‚ôØI,‚ôØII
74,‚ôØII,v
75,v,i
76,i,‚ôØV
77,‚ôØV,‚ôØII
78,‚ôØII,v
79,v,i
80,i,‚ôØV
81,‚ôØV,‚ôØII
82,‚ôØII,v
83,v,i
84,i,‚ôØV
85,‚ôØV,‚ôØII
86,‚ôØII,v
87,v,i
88,i,‚ôØV
89,‚ôØV,‚ôØII
90,‚ôØII,v
91,v,i
92,i,‚ôØV
93,‚ôØV,‚ôØII
94,‚ôØII,v
95,v,i
96,i,‚ôØV
97,‚ôØV,‚ôØII
98,‚ôØII,v
99,v,i
100,i,‚ôØV
0,i,VI
1,VI,iv
2,iv,VI
3,VI,i
4,i,VI
5,VI,iv
6,iv,VI
7,VI,i
8,i,VI
9,VI,iv
10,iv,VI
11,VI,i
12,i,VI
13,VI,iv
14,iv,VI
15,VI,i
16,i,VI
17,VI,iv
18,iv,VI
19,VI,i
20,i,VI
21,VI,iv
22,iv,VI
23,VI,i
24,i,i
25,i,VI
26,VI,iv
27,iv,VI
28,VI,i
29,i,VI
30,VI,iv
31,iv,VI
32,VI,i
33,i,VI
34,VI,iv
35,iv,VI
36,VI,i
37,i,VI
38,VI,iv
39,iv,VI
40,VI,i
41,i,i
42,i,VI
43,VI,iv
44,iv,VI
45,VI,i
46,i,VI
47,VI,iv
48,iv,VI
49,VI,i
50,i,VI
51,VI,iv
52,iv,VI
53,VI,i
54,i,VI
55,VI,iv
56,iv,VI
57,VI,i
58,i,i
59,i,VI
60,VI,iv
61,iv,VI
62,VI,i
63,i,VI
64,VI,iv
65,iv,VI
66,VI,i
67,i,VI
68,VI,iv
69,iv,VI
70,VI,i
71,i,VI
72,VI,iv
73,iv,VI
74,VI,VI
75,VI,III
76,III,i
77,i,VII
78,VII,VI
79,VI,III
80,III,i
81,i,VII
82,VII,VI
83,VI,III
84,III,i
85,i,VII
86,VII,VI
87,VI,III
88,III,i
89,i,VII
90,VII,i
91,i,VI
92,VI,iv
93,iv,VI
94,VI,i
95,i,VI
96,VI,iv
97,iv,VI
98,VI,i
99,i,VI
100,VI,iv
101,iv,VI
102,VI,i
103,i,VI
104,VI,iv
105,iv,VI
0,i,VII
1,VII,III
2,III,VI
3,VI,VII
4,VII,i
5,i,VII
6,VII,III
7,III,VI
8,VI,VII
9,VII,i
10,i,VII
11,VII,III
12,III,VI
13,VI,VII
14,VII,i
15,i,VII
16,VII,III
17,III,VI
18,VI,VII
19,VII,i
20,i,VII
21,VII,i
22,i,VII
23,VII,i
24,i,VII
25,VII,III
26,III,VI
27,VI,VII
28,VII,i
29,i,VII
30,VII,III
31,III,VI
32,VI,i
33,i,VII
34,VII,III
35,III,VI
36,VI,VII
37,VII,i
38,i,VII
39,VII,III
40,III,VI
41,VI,i
42,i,VII
43,VII,III
44,III,VI
45,VI,VII
46,VII,i
47,i,VII
48,VII,III
49,III,VI
50,VI,VII
51,VII,i
52,i,VII
53,VII,III
54,III,VI
55,VI,VII
56,VII,i
57,i,VII
58,VII,III
59,III,VI
60,VI,VII
61,VII,i
62,i,i
63,i,VII
64,VII,III
65,III,VI
66,VI,VII
67,VII,i
68,i,VII
69,VII,III
70,III,VI
71,VI,i
72,i,VII
73,VII,III
74,III,VI
75,VI,VII
76,VII,i
77,i,VII
78,VII,III
79,III,VI
80,VI,VII
81,VII,i
82,i,VII
83,VII,i
84,i,VII
85,VII,i
86,i,VII
87,VII,i
88,i,VII
89,VII,III
90,III,VI
91,VI,VII
92,VII,i
93,i,VII
94,VII,III
95,III,VI
96,VI,i
97,i,VII
98,VII,III
99,III,VI
100,VI,VII
101,VII,i
102,i,VII
103,VII,III
104,III,VI
105,VI,VII
106,VII,i
107,i,VII
108,VII,i
109,i,VII
110,VII,i
111,i,VII
112,VII,III
113,III,VI
114,VI,VII
115,VII,i
0,i,v
1,v,VI
2,VI,VII
3,VII,i
4,i,i
5,i,v
6,v,VI
7,VI,VI
8,VI,VII
9,VII,i
10,i,i
11,i,v
12,v,VI
13,VI,VI
14,VI,VII
15,VII,i
16,i,i
17,i,v
18,v,VI
19,VI,VI
20,VI,VII
21,VII,i
22,i,i
23,i,v
24,v,VI
25,VI,VI
26,VI,VII
27,VII,i
28,i,VI
29,VI,i
30,i,VI
31,VI,i
32,i,VI
33,VI,VII
34,VII,i
35,i,VI
36,VI,v
37,v,iv
38,iv,i
39,i,i
40,i,v
41,v,iv
42,iv,VII
43,VII,VI
44,VI,i
45,i,VI
46,VI,i
47,i,VI
48,VI,VII
49,VII,i
50,i,VI
51,VI,v
52,v,iv
53,iv,i
54,i,iv
55,iv,i
56,i,iv
57,iv,VII
58,VII,VI
59,VI,i
60,i,v
61,v,VI
62,VI,VI
63,VI,VII
64,VII,i
65,i,i
66,i,v
67,v,VI
68,VI,VI
69,VI,VII
70,VII,i
71,i,VI
72,VI,i
73,i,VI
74,VI,i
75,i,VI
76,VI,VII
77,VII,i
78,i,VI
79,VI,v
80,v,iv
81,iv,i
82,i,i
83,i,v
84,v,iv
85,iv,VII
86,VII,VI
87,VI,i
88,i,VI
89,VI,i
90,i,VI
91,VI,VII
92,VII,i
93,i,VI
94,VI,v
95,v,iv
96,iv,i
97,i,i
98,i,v
99,v,iv
100,iv,VII
101,VII,VI
0,I,V
1,V,vi
2,vi,IV
3,IV,I
4,I,V
5,V,vi
6,vi,IV
7,IV,I
8,I,V
9,V,vi
10,vi,IV
11,IV,I
12,I,V
13,V,vi
14,vi,IV
15,IV,I
16,I,V
17,V,vi
18,vi,IV
19,IV,I
20,I,V
21,V,vi
22,vi,IV
23,IV,I
24,I,V
25,V,vi
26,vi,IV
27,IV,I
28,I,V
29,V,vi
30,vi,IV
31,IV,I
32,I,V
33,V,vi
34,vi,IV
35,IV,I
36,I,V
37,V,vi
38,vi,IV
39,IV,I
40,I,V
41,V,vi
42,vi,IV
43,IV,I
44,I,V
45,V,vi
46,vi,IV
47,IV,I
48,I,V
49,V,vi
50,vi,IV
51,IV,I
52,I,V
53,V,vi
54,vi,IV
55,IV,I
56,I,V
57,V,vi
58,vi,IV
59,IV,I
60,I,V
61,V,vi
62,vi,IV
63,IV,I
64,I,V
65,V,vi
66,vi,vi
67,vi,I
68,I,V
69,V,vi
70,vi,IV
71,IV,I
72,I,V
73,V,vi
74,vi,IV
75,IV,I
76,I,V
77,V,vi
78,vi,IV
79,IV,I
80,I,V
81,V,vi
82,vi,IV
83,IV,I
84,I,V
85,V,vi
86,vi,IV
87,IV,I
88,I,V
89,V,vi
90,vi,IV
0,‚ôØV,ùÑ™iv
1,ùÑ™iv,‚ôØV
2,‚ôØV,ùÑ™iv
3,ùÑ™iv,‚ôØV
4,‚ôØV,ùÑ™iv
5,ùÑ™iv,‚ôØV
6,‚ôØV,ùÑ™iv
7,ùÑ™iv,‚ôØV
8,‚ôØV,ùÑ™iv
9,ùÑ™iv,‚ôØV
10,‚ôØV,ùÑ™iv
11,ùÑ™iv,‚ôØV
12,‚ôØV,ùÑ™VI
13,ùÑ™VI,‚ôØV
14,‚ôØV,ùÑ™VI
15,ùÑ™VI,‚ôØV
16,‚ôØV,ùÑ™VI
17,ùÑ™VI,‚ôØV
18,‚ôØV,ùÑ™iv
19,ùÑ™iv,‚ôØV
20,‚ôØV,ùÑ™VI
21,ùÑ™VI,ùÑ™vii
22,ùÑ™vii,ùÑ™iv
23,ùÑ™iv,‚ôØV
24,‚ôØV,ùÑ™VI
25,ùÑ™VI,ùÑ™iv
26,ùÑ™iv,‚ôØV
27,‚ôØV,‚ôØV
28,‚ôØV,ùÑ™VI
29,ùÑ™VI,ùÑ™vii
30,ùÑ™vii,ùÑ™iv
31,ùÑ™iv,‚ôØV
32,‚ôØV,ùÑ™VI
33,ùÑ™VI,ùÑ™vii
34,ùÑ™vii,ùÑ™vii
35,ùÑ™vii,‚ôØV
36,‚ôØV,ùÑ™iv
37,ùÑ™iv,‚ôØV
38,‚ôØV,ùÑ™iv
39,ùÑ™iv,‚ôØV
40,‚ôØV,ùÑ™VI
41,ùÑ™VI,‚ôØV
42,‚ôØV,ùÑ™iv
43,ùÑ™iv,‚ôØV
44,‚ôØV,ùÑ™VI
45,ùÑ™VI,‚ôØV
46,‚ôØV,ùÑ™iv
47,ùÑ™iv,‚ôØV
48,‚ôØV,ùÑ™VI
49,ùÑ™VI,‚ôØV
50,‚ôØV,ùÑ™iv
51,ùÑ™iv,‚ôØV
52,‚ôØV,ùÑ™VI
53,ùÑ™VI,ùÑ™vii
54,ùÑ™vii,ùÑ™iv
55,ùÑ™iv,‚ôØV
56,‚ôØV,ùÑ™VI
57,ùÑ™VI,ùÑ™iv
58,ùÑ™iv,‚ôØV
59,‚ôØV,‚ôØV
60,‚ôØV,ùÑ™VI
61,ùÑ™VI,ùÑ™vii
62,ùÑ™vii,ùÑ™iv
0,I,I
1,I,I
2,I,vi
3,vi,IV
4,IV,I
5,I,I
6,I,IV
7,IV,V
8,V,vi7
9,vi7,I
10,I,IV
11,IV,V
12,V,I
13,I,V
14,V,vi7
15,vi7,IV
16,IV,I
17,I,V
18,V,vi7
19,vi7,IV
20,IV,vi
21,vi,V
22,V,I
23,I,vi7
24,vi7,IV
25,IV,I
26,I,V
27,V,vi7
28,vi7,IV
29,IV,I
30,I,V
31,V,I
32,I,IV
33,IV,V
34,V,vi7
35,vi7,I
36,I,IV
37,IV,I
38,I,V
39,V,vi7
40,vi7,IV
41,IV,I
42,I,V
43,V,vi7
44,vi7,IV
45,IV,vi
46,vi,V
47,V,IV
48,IV,vi
49,vi,IV
50,IV,I
51,I,V
52,V,I
53,I,I
54,I,vi7
55,vi7,IV
56,IV,I
57,I,I
58,I,V
59,V,vi7
60,vi7,IV
61,IV,vi
62,vi,V
63,V,IV
64,IV,vi7
65,vi7,IV
66,IV,I
0,i,III
1,III,i
2,i,III
3,III,i
4,i,iv
5,iv,v
6,v,VI
7,VI,VII
8,VII,iv
9,iv,v
10,v,VI
11,VI,VII
12,VII,i
13,i,v
14,v,VI
15,VI,III
16,III,i
17,i,v
18,v,VI
19,VI,VII
20,VII,i
21,i,v
22,v,VI
23,VI,III
24,III,i
25,i,v
26,v,VI
27,VI,VII
28,VII,VII
29,VII,III
30,III,i
31,i,III
32,III,i
33,i,iv
34,iv,v
35,v,VI
36,VI,VII
37,VII,iv
38,iv,v
39,v,VI
40,VI,VII
41,VII,i
42,i,v
43,v,VI
44,VI,III
45,III,i
46,i,v
47,v,VI
48,VI,VII
49,VII,i
50,i,v
51,v,VI
52,VI,III
53,III,i
54,i,v
55,v,VI
56,VI,VII
57,VII,i
58,i,i
59,i,iv
60,iv,v
61,v,VI
62,VI,VII
63,VII,iv
64,iv,v
65,v,VI
66,VI,VII
67,VII,i
68,i,v
69,v,VI
70,VI,III
71,III,i
72,i,v
73,v,VI
74,VI,VII
75,VII,i
76,i,v
77,v,VI
78,VI,III
79,III,i
80,i,v
81,v,VI
82,VI,VII
0,I,iii
1,iii,II
2,II,I
3,I,iii
4,iii,II
5,II,I
6,I,iii
7,iii,II
8,II,I
9,I,iii
10,iii,II
11,II,I
12,I,iii
13,iii,II
14,II,I
15,I,iii
16,iii,II
17,II,V
18,V,II
19,II,vi
20,vi,I
21,I,V
22,V,II
23,II,vi
24,vi,I
25,I,V
26,V,II
27,II,vi
28,vi,I
29,I,V
30,V,II
31,II,vi
32,vi,I
33,I,I
34,I,iii
35,iii,II
36,II,I
37,I,iii
38,iii,II
39,II,I
40,I,iii
41,iii,II
42,II,I
43,I,iii
44,iii,II
45,II,V
46,V,II
47,II,vi
48,vi,I
49,I,V
50,V,II
51,II,vi
52,vi,I
53,I,V
54,V,II
55,II,vi
56,vi,I
57,I,V
58,V,II
59,II,vi
60,vi,I
61,I,V
62,V,II
63,II,vi
64,vi,I
65,I,V
66,V,II
67,II,vi
68,vi,I
69,I,V
70,V,II
71,II,vi
72,vi,I
73,I,V
74,V,II
75,II,vi
76,vi,I
77,I,V
78,V,II
79,II,vi
80,vi,I
81,I,V
82,V,II
83,II,vi
84,vi,I
85,I,V
86,V,II
87,II,vi
88,vi,I
89,I,V
90,V,II
91,II,vi
92,vi,I
93,I,V
94,V,II
95,II,vi
96,vi,I
97,I,V
98,V,II
99,II,vi
100,vi,I
101,I,V
102,V,II
103,II,vi
104,vi,I
105,I,V
106,V,II
107,II,vi
108,vi,I
0,I,II
1,II,iii
2,iii,V6
3,V6,I
4,I,II
5,II,iii
6,iii,II
7,II,I
8,I,II
9,II,iii
10,iii,II
11,II,I
12,I,II
13,II,iii
14,iii,II
15,II,I
16,I,II
17,II,iii
18,iii,II
19,II,I
20,I,II
21,II,iii
22,iii,II
23,II,I
24,I,II
25,II,iii
26,iii,II
27,II,I
28,I,II
29,II,iii
30,iii,II
31,II,I
32,I,II
33,II,iii
34,iii,II
35,II,I
36,I,II
37,II,iii
38,iii,II
39,II,I
40,I,II
41,II,iii
42,iii,II
43,II,I
44,I,II
45,II,iii
46,iii,II
47,II,I
48,I,II
49,II,iii
50,iii,II
51,II,I
52,I,II
53,II,iii
54,iii,II
55,II,I
56,I,II
57,II,iii
58,iii,II
59,II,I
60,I,II
61,II,iii
62,iii,II
63,II,I
64,I,II
65,II,iii
66,iii,II
67,II,I
68,I,II
69,II,iii
70,iii,II
71,II,I
72,I,II
73,II,iii
74,iii,II
75,II,I
76,I,II
77,II,iii
78,iii,II
79,II,I
80,I,II
81,II,iii
82,iii,II
83,II,I
84,I,II
85,II,iii
86,iii,II
87,II,I
88,I,II
89,II,iii
90,iii,II
91,II,I
92,I,II
93,II,iii
94,iii,II
95,II,I
96,I,II
97,II,iii
98,iii,II
99,II,I
100,I,II
101,II,iii
102,iii,II
103,II,I
104,I,II
105,II,iii
106,iii,II
107,II,I
108,I,II
109,II,iii
110,iii,II
111,II,I
112,I,II
113,II,iii
114,iii,II
115,II,I
116,I,II
117,II,iii
118,iii,II
119,II,I
120,I,II
121,II,iii
122,iii,II
123,II,I
124,I,II
125,II,iii
126,iii,II
127,II,I
128,I,II
129,II,iii
130,iii,II
131,II,I
132,I,II
133,II,iii
134,iii,II
135,II,I
136,I,II
137,II,iii
138,iii,V6
139,V6,I
140,I,II
141,II,iii
142,iii,V6
143,V6,I
144,I,II
145,II,iii
146,iii,V6
147,V6,I
148,I,II
149,II,iii
150,iii,V6
151,V6,I
152,I,II
153,II,iii
154,iii,V6
155,V6,I
156,I,I
157,I,II
158,II,iii
159,iii,III
160,III,I
161,I,V
162,V,II
163,II,V
164,V,II
165,II,V6
166,V6,II
167,II,iii
168,iii,III
169,III,I
170,I,V
171,V,II
172,II,I
173,I,II
174,II,iii
175,iii,VM7
176,VM7,I
177,I,II
178,II,iii
179,iii,VM7
180,VM7,I
181,I,II
182,II,iii
183,iii,VM7
184,VM7,I
185,I,II
186,II,iii
187,iii,II
188,II,I
189,I,II
190,II,iii
191,iii,VM7
192,VM7,I
193,I,II
194,II,iii
195,iii,VM7
196,VM7,I
197,I,II
198,II,iii
199,iii,VM7
200,VM7,I
201,I,II
202,II,iii
203,iii,II
204,II,I
205,I,II
206,II,iii
207,iii,VM7
208,VM7,I
209,I,II
210,II,iii
211,iii,VM7
212,VM7,I
213,I,II
214,II,iii
215,iii,II
216,II,I
217,I,II
218,II,iii
219,iii,II
220,II,I
221,I,II
222,II,iii
223,iii,II
0,iii,II
1,II,II64
2,II64,V
3,V,V
4,V,II
5,II,II64
6,II64,V
7,V,V
8,V,II
9,II,V
10,V,V
11,V,iii
12,iii,II
13,II,V
14,V,V
15,V,II
16,II,V
17,V,iii
18,iii,II
19,II,V
20,V,I
21,I,II
22,II,V
23,V,II
24,II,iii
25,iii,II
26,II,vi
27,vi,II
28,II,iii
29,iii,V
30,V,V
31,V,II
32,II,iii
33,iii,II
34,II,vi
35,vi,II
36,II,iii
37,iii,V
38,V,V
39,V,II
40,II,II64
41,II64,V
42,V,V
43,V,II
44,II,V
45,V,V
46,V,iii
47,iii,II
48,II,II
49,II,V
50,V,V
51,V,II
52,II,V
53,V,iii
54,iii,II
55,II,V
56,V,I
57,I,II
58,II,V
59,V,II
60,II,V
61,V,I
62,I,II
63,II,V
64,V,II
65,II,iii
66,iii,II
67,II,vi
68,vi,II
69,II,iii
70,iii,V
71,V,V
72,V,II
73,II,iii
74,iii,II
75,II,vi
76,vi,II
77,II,iii
78,iii,V
79,V,II
80,II,iii
81,iii,II
82,II,vi
83,vi,II
84,II,iii
85,iii,V
86,V,II
87,II,iii
88,iii,II
89,II,vi
90,vi,II
91,II,iii
92,iii,V
93,V,II
94,II,iii
95,iii,II
96,II,vi
97,vi,II
98,II,iii
99,iii,I
100,I,II
101,II,V
102,V,II
103,II,iii
104,iii,II
105,II,vi
106,vi,II
107,II,iii
108,iii,V
109,V,V
110,V,II
111,II,iii
112,iii,II
113,II,vi
114,vi,II
115,II,iii
116,iii,V
117,V,II
118,II,iii
119,iii,II
120,II,vi
121,vi,II
122,II,iii
123,iii,V
124,V,II
125,II,iii
126,iii,II
127,II,vi
128,vi,II
129,II,iii
130,iii,V
131,V,II
132,II,iii
133,iii,II
134,II,vi
135,vi,II
136,II,iii
0,i,VII
1,VII,III
2,III,iv
3,iv,i
4,i,VII
5,VII,iv
6,iv,III
7,III,i
8,i,VII
9,VII,III
10,III,iv
11,iv,i
12,i,VII
13,VII,iv
14,iv,III
15,III,i
16,i,III
17,III,iv
18,iv,VII
19,VII,i
20,i,III
21,III,iv
22,iv,VII
23,VII,i
24,i,III
25,III,iv
26,iv,VII
27,VII,iv
28,iv,III
29,III,VII
30,VII,i
31,i,iv
32,iv,III
33,III,VII
34,VII,i
35,i,iv
36,iv,III
37,III,VII
38,VII,i
39,i,iv
40,iv,III
41,III,VII
42,VII,i
43,i,iv
44,iv,III
45,III,VII
46,VII,i
47,i,iv
48,iv,III
49,III,VII
50,VII,i
51,i,iv
52,iv,III
53,III,VII
54,VII,i
55,i,iv
56,iv,III
57,III,i
58,i,VII
59,VII,III
60,III,iv
61,iv,i
62,i,VII
63,VII,iv
64,iv,III
65,III,i
66,i,III
67,III,iv
68,iv,VII
69,VII,i
70,i,III
71,III,iv
72,iv,VII
73,VII,i
74,i,III
75,III,iv
76,iv,VII
77,VII,iv
78,iv,III
79,III,VII
80,VII,i
81,i,iv
82,iv,III
83,III,VII
84,VII,i
85,i,iv
86,iv,III
87,III,VII
88,VII,i
89,i,iv
90,iv,III
91,III,VII
92,VII,i
93,i,iv
94,iv,III
95,III,VII
96,VII,i
97,i,iv
98,iv,III
99,III,VII
100,VII,i
101,i,iv
102,iv,III
103,III,VII
104,VII,i
105,i,iv
106,iv,III
107,III,i
108,i,III
109,III,iv
110,iv,VII
111,VII,i
112,i,III
113,III,iv
114,iv,VII
115,VII,i
116,i,III
117,III,iv
118,iv,VII
119,VII,iv
120,iv,III
121,III,VII
122,VII,i
123,i,iv
124,iv,III
125,III,VII
126,VII,i
127,i,iv
128,iv,III
129,III,VII
130,VII,i
131,i,iv
132,iv,III
133,III,VII
134,VII,i
135,i,iv
136,iv,III
137,III,VII
138,VII,i
139,i,iv
140,iv,III
141,III,VII
142,VII,i
143,i,iv
144,iv,III
145,III,VII
146,VII,i
147,i,iv
148,iv,III
0,i7,IV7
1,IV7,VII9
2,VII9,IIIM7
3,IIIM7,‚ôØvi√∏7
4,‚ôØvi√∏7,‚ôØVM7
5,‚ôØVM7,V+
6,V+,‚ôØVM7
7,‚ôØVM7,‚ôØvii¬∞7
8,‚ôØvii¬∞7,i7
9,i7,IIIM7
10,IIIM7,IV7
11,IV7,V7
12,V7,i7
13,i7,IV7
14,IV7,VII9
15,VII9,IIIM7
16,IIIM7,‚ôØvi√∏7
17,‚ôØvi√∏7,‚ôØVM7
18,‚ôØVM7,V+
19,V+,i7
20,i7,IV7
21,IV7,VII9
22,VII9,IIIM7
23,IIIM7,‚ôØvi√∏7
24,‚ôØvi√∏7,‚ôØVM7
25,‚ôØVM7,V+
26,V+,i7
27,i7,i7
28,i7,IV7
29,IV7,VII9
30,VII9,IIIM7
31,IIIM7,‚ôØvi√∏7
32,‚ôØvi√∏7,‚ôØVM7
33,‚ôØVM7,V+
34,V+,i7
35,i7,IIIM7
36,IIIM7,IV7
37,IV7,VII9
38,VII9,IIIM7
39,IIIM7,‚ôØvi√∏7
40,‚ôØvi√∏7,‚ôØVM7
41,‚ôØVM7,V+
42,V+,i7
43,i7,IV7
44,IV7,VII9
45,VII9,IIIM7
46,IIIM7,‚ôØvi√∏7
47,‚ôØvi√∏7,‚ôØVM7
48,‚ôØVM7,V+
49,V+,V7
50,V7,‚ôØvii√∏7
51,‚ôØvii√∏7,‚ôØVM7
52,‚ôØVM7,‚ôØvii¬∞7
53,‚ôØvii¬∞7,i7
54,i7,IIIM7
55,IIIM7,IV7
56,IV7,V7
57,V7,‚ôØVM7
58,‚ôØVM7,‚ôØvii¬∞7
59,‚ôØvii¬∞7,i7
60,i7,IIIM7
61,IIIM7,IV7
62,IV7,V7
63,V7,‚ôØVM7
64,‚ôØVM7,‚ôØvii¬∞7
65,‚ôØvii¬∞7,i7
66,i7,IIIM7
67,IIIM7,IV7
68,IV7,V7
69,V7,‚ôØVM7
70,‚ôØVM7,‚ôØvii¬∞7
71,‚ôØvii¬∞7,i7
72,i7,IIIM7
73,IIIM7,IV7
74,IV7,V7
75,V7,i7
76,i7,IV7
77,IV7,VII9
78,VII9,IIIM7
79,IIIM7,‚ôØvi√∏7
80,‚ôØvi√∏7,‚ôØVM7
81,‚ôØVM7,V+
82,V+,‚ôØvii√∏7
83,‚ôØvii√∏7,i7
84,i7,IIIM7
85,IIIM7,IV7
86,IV7,VII9
87,VII9,IIIM7
88,IIIM7,‚ôØvi√∏7
89,‚ôØvi√∏7,‚ôØVM7
90,‚ôØVM7,V+
91,V+,‚ôØvii√∏7
92,‚ôØvii√∏7,i7
93,i7,IIIM7
94,IIIM7,IV7
95,IV7,VII9
96,VII9,IIIM7
97,IIIM7,‚ôØvi√∏7
98,‚ôØvi√∏7,‚ôØVM7
99,‚ôØVM7,V+
100,V+,‚ôØvii√∏7
101,‚ôØvii√∏7,i7
102,i7,IIIM7
103,IIIM7,IV7
104,IV7,VII9
105,VII9,IIIM7
106,IIIM7,‚ôØvi√∏7
107,‚ôØvi√∏7,‚ôØVM7
108,‚ôØVM7,V+
109,V+,‚ôØvii7
110,‚ôØvii7,‚ôØVM7
111,‚ôØVM7,‚ôØvii¬∞7
112,‚ôØvii¬∞7,i7
113,i7,IIIM7
114,IIIM7,IV7
115,IV7,V7
116,V7,‚ôØVM7
117,‚ôØVM7,‚ôØvii¬∞7
118,‚ôØvii¬∞7,i7
119,i7,IIIM7
120,IIIM7,IV7
121,IV7,V7
122,V7,‚ôØVM7
123,‚ôØVM7,‚ôØvii¬∞7
124,‚ôØvii¬∞7,i7
125,i7,IIIM7
126,IIIM7,IV7
127,IV7,V7
128,V7,‚ôØVM7
129,‚ôØVM7,‚ôØvii¬∞7
130,‚ôØvii¬∞7,i7
131,i7,IIIM7
132,IIIM7,IV7
133,IV7,V7
134,V7,‚ôØVM7
135,‚ôØVM7,‚ôØvii¬∞7
136,‚ôØvii¬∞7,i7
137,i7,IIIM7
138,IIIM7,IV7
139,IV7,V7
140,V7,‚ôØVM7
141,‚ôØVM7,‚ôØvii¬∞7
142,‚ôØvii¬∞7,i7
143,i7,IIIM7
144,IIIM7,IV7
145,IV7,V7
146,V7,‚ôØVM7
147,‚ôØVM7,‚ôØvii¬∞7
148,‚ôØvii¬∞7,i7
149,i7,IIIM7
150,IIIM7,IV7
151,IV7,V7
152,V7,i7
153,i7,IV7
154,IV7,VII9
155,VII9,IIIM7
156,IIIM7,‚ôØvi√∏7
157,‚ôØvi√∏7,‚ôØVM7
158,‚ôØVM7,V+
159,V+,i7
160,i7,IV7
161,IV7,VII9
162,VII9,IIIM7
163,IIIM7,‚ôØvi√∏7
164,‚ôØvi√∏7,‚ôØVM7
165,‚ôØVM7,V+
166,V+,‚ôØVM7
167,‚ôØVM7,‚ôØvii¬∞7
168,‚ôØvii¬∞7,i7
169,i7,IIIM7
170,IIIM7,IV7
171,IV7,V7
172,V7,‚ôØVM7
173,‚ôØVM7,‚ôØvii¬∞7
174,‚ôØvii¬∞7,i7
175,i7,IIIM7
176,IIIM7,IV7
177,IV7,V7
178,V7,‚ôØVM7
179,‚ôØVM7,‚ôØvii¬∞7
180,‚ôØvii¬∞7,i7
181,i7,IIIM7
182,IIIM7,IV7
183,IV7,V7
184,V7,‚ôØVM7
185,‚ôØVM7,‚ôØvii¬∞7
186,‚ôØvii¬∞7,i7
187,i7,IIIM7
188,IIIM7,IV7
189,IV7,V7
190,V7,‚ôØVM7
191,‚ôØVM7,‚ôØvii¬∞7
192,‚ôØvii¬∞7,i7
193,i7,IIIM7
194,IIIM7,IV7
195,IV7,V7
196,V7,‚ôØVM7
197,‚ôØVM7,‚ôØvii¬∞7
198,‚ôØvii¬∞7,i7
199,i7,IIIM7
200,IIIM7,IV7
201,IV7,V7
202,V7,‚ôØVM7
203,‚ôØVM7,‚ôØvii¬∞7
204,‚ôØvii¬∞7,i7
205,i7,IIIM7
206,IIIM7,IV7
207,IV7,V7
208,V7,‚ôØVM7
209,‚ôØVM7,‚ôØvii¬∞7
210,‚ôØvii¬∞7,i7
211,i7,IIIM7
212,IIIM7,IV7
213,IV7,V7
214,V7,‚ôØVM7
215,‚ôØVM7,VII9
216,VII9,i7
217,i7,‚ôØvi√∏7
218,‚ôØvi√∏7,‚ôØV
219,‚ôØV,‚ôØVM7
220,‚ôØVM7,‚ôØvi√∏7
221,‚ôØvi√∏7,‚ôØvi7
222,‚ôØvi7,‚ôØVM7
223,‚ôØVM7,‚ôØVII
224,‚ôØVII,‚ôØVII
0,i,III
1,III,VII
2,VII,VI
3,VI,i
4,i,III
5,III,VII
6,VII,VI
7,VI,i
8,i,III
9,III,VII
10,VII,VI
11,VI,i
12,i,III
13,III,VII
14,VII,VI
15,VI,i
16,i,III
17,III,VII
18,VII,VI
19,VI,i
20,i,III
21,III,VII
22,VII,VI
23,VI,i
24,i,III
25,III,VII
26,VII,VI
27,VI,i
28,i,III
29,III,VII
30,VII,VI
31,VI,i
32,i,III
33,III,VII
34,VII,VI
35,VI,III
36,III,VII
37,VII,VI
38,VI,i
39,i,III
40,III,VII
41,VII,VI
42,VI,i
43,i,III
44,III,VII
45,VII,VI
46,VI,i
47,i,III
48,III,VII
49,VII,VI
50,VI,i
51,i,III
52,III,VII
53,VII,VI
54,VI,i
55,i,III
56,III,III
57,III,VI
58,VI,i
59,i,III
60,III,VII
61,VII,VI
62,VI,III
63,III,VII
64,VII,VI
65,VI,i
66,i,III
67,III,VII
68,VII,VI
69,VI,i
70,i,III
71,III,VII
72,VII,VI
73,VI,i
74,i,III
75,III,VII
76,VII,VI
77,VI,i
78,i,III
79,III,VII
80,VII,VI
81,VI,i
82,i,III
83,III,VII
84,VII,VI
85,VI,i
86,i,VII
87,VII,III
88,III,VI
0,I,V
1,V,vi
2,vi,IV
3,IV,I
4,I,V
5,V,vi
6,vi,IV
7,IV,I
8,I,V
9,V,vi
10,vi,IV
11,IV,I
12,I,V
13,V,vi
14,vi,IV
15,IV,I
16,I,IV
17,IV,I
18,I,V
19,V,IV
20,IV,V
21,V,I
22,I,vi
23,vi,IV
24,IV,V
25,V,I
26,I,vi
27,vi,IV
28,IV,V
29,V,I
30,I,vi
31,vi,IV
32,IV,V
33,V,I
34,I,I
35,I,V
36,V,vi
37,vi,IV
38,IV,I
39,I,V
40,V,vi
41,vi,IV
42,IV,I
43,I,V
44,V,vi
45,vi,IV
46,IV,I
47,I,V
48,V,vi
49,vi,IV
50,IV,I
51,I,IV
52,IV,I
53,I,V
54,V,IV
55,IV,V
56,V,I
57,I,vi
58,vi,IV
59,IV,V
60,V,I
61,I,vi
62,vi,IV
63,IV,V
64,V,I
65,I,vi
66,vi,IV
67,IV,V
68,V,I
69,I,IV
70,IV,V
71,V,I
72,I,vi
73,vi,IV
74,IV,V
75,V,I
76,I,vi
77,vi,IV
78,IV,V
79,V,I
0,II,I
1,I,V
2,V,II
3,II,I
4,I,V
5,V,II
6,II,I
7,I,V
8,V,II
9,II,I
10,I,V
11,V,II
12,II,I
13,I,V
14,V,II
15,II,I
16,I,V
17,V,II
18,II,II
19,II,I
20,I,V
21,V,II
22,II,I
23,I,V
24,V,II
25,II,I
26,I,V
27,V,II
28,II,I
29,I,V
30,V,II
31,II,I
32,I,V
33,V,II
34,II,I
35,I,V
36,V,II
37,II,II
38,II,I
39,I,V
40,V,II
41,II,I
42,I,V
43,V,II
44,II,I
45,I,V
46,V,II
47,II,I
48,I,V
49,V,II
0,‚ô≠III,‚ô≠VI
1,‚ô≠VI,‚ô≠II
2,‚ô≠II,‚ô≠III
3,‚ô≠III,‚ô≠VI
4,‚ô≠VI,‚ô≠II
5,‚ô≠II,‚ô≠III
6,‚ô≠III,‚ô≠VI
7,‚ô≠VI,‚ô≠II
8,‚ô≠II,‚ô≠III
9,‚ô≠III,‚ô≠VI
10,‚ô≠VI,‚ô≠II
11,‚ô≠II,‚ô≠III
12,‚ô≠III,‚ô≠VI
13,‚ô≠VI,‚ô≠II
14,‚ô≠II,‚ô≠III
15,‚ô≠III,‚ô≠VI
16,‚ô≠VI,‚ô≠II
17,‚ô≠II,‚ô≠II
18,‚ô≠II,‚ô≠VI
19,‚ô≠VI,‚ô≠III
20,‚ô≠III,‚ô≠II
21,‚ô≠II,‚ô≠VI
22,‚ô≠VI,i
23,i,‚ô≠II
24,‚ô≠II,‚ô≠II
25,‚ô≠II,‚ô≠VI
26,‚ô≠VI,‚ô≠II
27,‚ô≠II,‚ô≠III
28,‚ô≠III,iv
29,iv,‚ô≠II
30,‚ô≠II,‚ô≠VI
31,‚ô≠VI,‚ô≠VII
32,‚ô≠VII,‚ô≠III
33,‚ô≠III,‚ô≠VI
34,‚ô≠VI,‚ô≠II
35,‚ô≠II,‚ô≠III
36,‚ô≠III,‚ô≠VI
37,‚ô≠VI,‚ô≠II
38,‚ô≠II,‚ô≠III
39,‚ô≠III,‚ô≠VI
40,‚ô≠VI,‚ô≠II
41,‚ô≠II,‚ô≠III
42,‚ô≠III,‚ô≠VI
43,‚ô≠VI,‚ô≠II
44,‚ô≠II,‚ô≠II
45,‚ô≠II,iv
46,iv,‚ô≠III
47,‚ô≠III,‚ô≠II
48,‚ô≠II,‚ô≠VI
49,‚ô≠VI,i
50,i,‚ô≠II
51,‚ô≠II,‚ô≠II
52,‚ô≠II,‚ô≠VI
53,‚ô≠VI,‚ô≠II
54,‚ô≠II,‚ô≠III
55,‚ô≠III,iv
56,iv,‚ô≠II
57,‚ô≠II,‚ô≠VI
58,‚ô≠VI,‚ô≠III
59,‚ô≠III,‚ô≠II
60,‚ô≠II,‚ô≠III
61,‚ô≠III,‚ô≠VI
62,‚ô≠VI,‚ô≠II
63,‚ô≠II,‚ô≠III
64,‚ô≠III,‚ô≠VI
65,‚ô≠VI,‚ô≠II
66,‚ô≠II,‚ô≠III
67,‚ô≠III,‚ô≠VI
68,‚ô≠VI,‚ô≠II
69,‚ô≠II,‚ô≠III
70,‚ô≠III,‚ô≠VI
71,‚ô≠VI,‚ô≠II
72,‚ô≠II,‚ô≠III
73,‚ô≠III,‚ô≠VI
74,‚ô≠VI,‚ô≠II
75,‚ô≠II,‚ô≠III
76,‚ô≠III,‚ô≠VI
77,‚ô≠VI,‚ô≠II
78,‚ô≠II,‚ô≠III
79,‚ô≠III,‚ô≠VI
80,‚ô≠VI,‚ô≠II
81,‚ô≠II,‚ô≠III
82,‚ô≠III,‚ô≠VI
83,‚ô≠VI,‚ô≠II
84,‚ô≠II,‚ô≠II
85,‚ô≠II,iv
86,iv,‚ô≠III
87,‚ô≠III,‚ô≠II
88,‚ô≠II,‚ô≠VI
89,‚ô≠VI,i
90,i,‚ô≠II
91,‚ô≠II,‚ô≠II
92,‚ô≠II,‚ô≠VI
93,‚ô≠VI,‚ô≠II
94,‚ô≠II,‚ô≠III
95,‚ô≠III,iv
96,iv,‚ô≠II
97,‚ô≠II,‚ô≠VI
98,‚ô≠VI,‚ô≠VII
99,‚ô≠VII,‚ô≠II
100,‚ô≠II,‚ô≠II
101,‚ô≠II,iv
102,iv,‚ô≠III
103,‚ô≠III,‚ô≠II
104,‚ô≠II,‚ô≠VI
105,‚ô≠VI,i
106,i,‚ô≠II
107,‚ô≠II,‚ô≠II
108,‚ô≠II,‚ô≠VI
109,‚ô≠VI,‚ô≠II
110,‚ô≠II,‚ô≠III
111,‚ô≠III,iv
112,iv,‚ô≠II
113,‚ô≠II,‚ô≠VI
114,‚ô≠VI,‚ô≠III
115,‚ô≠III,‚ô≠II
116,‚ô≠II,‚ô≠II
117,‚ô≠II,iv
118,iv,‚ô≠III
119,‚ô≠III,‚ô≠II
120,‚ô≠II,‚ô≠VI
121,‚ô≠VI,i
122,i,‚ô≠II
123,‚ô≠II,‚ô≠II
124,‚ô≠II,‚ô≠VI
125,‚ô≠VI,‚ô≠II
126,‚ô≠II,‚ô≠III
127,‚ô≠III,iv
128,iv,‚ô≠II
129,‚ô≠II,‚ô≠VI
130,‚ô≠VI,‚ô≠III
0,‚ôØii,‚ôØV
1,‚ôØV,‚ôØvi
2,‚ôØvi,‚ôØiii
3,‚ôØiii,‚ôØIV
4,‚ôØIV,‚ôØI
5,‚ôØI,‚ôØii
6,‚ôØii,‚ôØV
7,‚ôØV,‚ôØvi
8,‚ôØvi,‚ôØiii
9,‚ôØiii,‚ôØIV
10,‚ôØIV,‚ôØii
11,‚ôØii,‚ôØV
12,‚ôØV,‚ôØvi
13,‚ôØvi,‚ôØiii
14,‚ôØiii,‚ôØIV
15,‚ôØIV,‚ôØI
16,‚ôØI,‚ôØii
17,‚ôØii,‚ôØV
18,‚ôØV,‚ôØvi
19,‚ôØvi,‚ôØiii
20,‚ôØiii,‚ôØIV
21,‚ôØIV,‚ôØii
22,‚ôØii,‚ôØV
23,‚ôØV,‚ôØvi
24,‚ôØvi,‚ôØiii
25,‚ôØiii,‚ôØIV
26,‚ôØIV,‚ôØI
27,‚ôØI,‚ôØii
28,‚ôØii,‚ôØV
29,‚ôØV,‚ôØvi
30,‚ôØvi,‚ôØiii
31,‚ôØiii,‚ôØIV
32,‚ôØIV,‚ôØii
33,‚ôØii,‚ôØV
34,‚ôØV,‚ôØvi
35,‚ôØvi,‚ôØiii
36,‚ôØiii,‚ôØIV
37,‚ôØIV,‚ôØI
38,‚ôØI,‚ôØii
39,‚ôØii,‚ôØV
40,‚ôØV,‚ôØvi
41,‚ôØvi,‚ôØiii
42,‚ôØiii,‚ôØIV
43,‚ôØIV,‚ôØii
44,‚ôØii,‚ôØV
45,‚ôØV,‚ôØvi
46,‚ôØvi,‚ôØii
47,‚ôØii,‚ôØV
48,‚ôØV,‚ôØvi
49,‚ôØvi,‚ôØiii
50,‚ôØiii,‚ôØIV
51,‚ôØIV,‚ôØii
52,‚ôØii,‚ôØV
53,‚ôØV,‚ôØvi
54,‚ôØvi,‚ôØiii
55,‚ôØiii,‚ôØIV
56,‚ôØIV,‚ôØI
57,‚ôØI,‚ôØii
58,‚ôØii,‚ôØV
59,‚ôØV,‚ôØvi
60,‚ôØvi,‚ôØiii
61,‚ôØiii,‚ôØIV
62,‚ôØIV,‚ôØii
63,‚ôØii,‚ôØV
64,‚ôØV,‚ôØvi
65,‚ôØvi,‚ôØii
66,‚ôØii,‚ôØV
67,‚ôØV,‚ôØvi
68,‚ôØvi,‚ôØiii
69,‚ôØiii,‚ôØIV
70,‚ôØIV,‚ôØii
71,‚ôØii,‚ôØV
72,‚ôØV,‚ôØvi
73,‚ôØvi,‚ôØiii
74,‚ôØiii,‚ôØIV
75,‚ôØIV,‚ôØI
76,‚ôØI,‚ôØii
77,‚ôØii,‚ôØV
78,‚ôØV,‚ôØvi
79,‚ôØvi,‚ôØiii
80,‚ôØiii,‚ôØIV
81,‚ôØIV,‚ôØii
82,‚ôØii,‚ôØV
83,‚ôØV,‚ôØvi
84,‚ôØvi,‚ôØiii
85,‚ôØiii,‚ôØIV
86,‚ôØIV,‚ôØI
87,‚ôØI,‚ôØii
88,‚ôØii,‚ôØV
89,‚ôØV,‚ôØvi
90,‚ôØvi,‚ôØiii
91,‚ôØiii,‚ôØIV
92,‚ôØIV,‚ôØii
93,‚ôØii,‚ôØV
94,‚ôØV,‚ôØvi
95,‚ôØvi,‚ôØiii
96,‚ôØiii,‚ôØIV
97,‚ôØIV,‚ôØI
98,‚ôØI,‚ôØii
99,‚ôØii,‚ôØV
100,‚ôØV,‚ôØvi
101,‚ôØvi,‚ôØiii
102,‚ôØiii,‚ôØIV
103,‚ôØIV,‚ôØii
104,‚ôØii,‚ôØV
105,‚ôØV,‚ôØvi
106,‚ôØvi,‚ôØiii
107,‚ôØiii,‚ôØIV
108,‚ôØIV,‚ôØI
109,‚ôØI,‚ôØii
110,‚ôØii,‚ôØV
111,‚ôØV,‚ôØvi
112,‚ôØvi,‚ôØiii
113,‚ôØiii,‚ôØIV
114,‚ôØIV,‚ôØii
115,‚ôØii,‚ôØV
116,‚ôØV,‚ôØvi
117,‚ôØvi,‚ôØiii
118,‚ôØiii,‚ôØIV
119,‚ôØIV,‚ôØii
120,‚ôØii,‚ôØV
121,‚ôØV,‚ôØvi
122,‚ôØvi,‚ôØii
123,‚ôØii,‚ôØV
124,‚ôØV,‚ôØvi
125,‚ôØvi,‚ôØiii
126,‚ôØiii,‚ôØIV
127,‚ôØIV,‚ôØii
128,‚ôØii,‚ôØV
129,‚ôØV,‚ôØvi
0,i,VI
1,VI,III
2,III,VII
3,VII,i
4,i,VI
5,VI,III
6,III,VII
7,VII,i
8,i,VI
9,VI,III
10,III,VII
11,VII,i
12,i,VI
13,VI,III
14,III,VII
15,VII,i
16,i,VI
17,VI,III
18,III,VII
19,VII,i
20,i,VI
21,VI,III
22,III,VII
23,VII,i
24,i,VI
25,VI,III
26,III,VII
27,VII,i
28,i,VI
29,VI,III
30,III,VII
31,VII,i
32,i,VI
33,VI,III
34,III,VII
35,VII,i
36,i,VI
37,VI,III
38,III,VII
39,VII,i
40,i,VI
41,VI,III
42,III,VII
43,VII,i
44,i,VI
45,VI,III
46,III,VII
47,VII,i
48,i,VI
49,VI,III
50,III,VII
51,VII,i
52,i,VI
53,VI,III
54,III,VII
55,VII,i
56,i,VI
57,VI,III
58,III,VII
59,VII,i
60,i,VI
61,VI,III
62,III,VII
63,VII,i
64,i,VI
65,VI,III
66,III,VII
67,VII,i
68,i,VI
69,VI,III
70,III,VII
71,VII,i
72,i,VI
73,VI,III
74,III,VII
75,VII,i
76,i,VI
77,VI,III
78,III,VII
79,VII,i
80,i,VI
81,VI,III
82,III,VII
83,VII,i
84,i,VI
85,VI,III
86,III,VII
87,VII,i
88,i,VI
89,VI,III
90,III,VII
91,VII,i
92,i,VI
93,VI,III
94,III,VII
95,VII,i
96,i,VI
97,VI,III
98,III,VII
99,VII,i
100,i,VI
101,VI,III
102,III,VII
103,VII,i
104,i,VI
105,VI,III
106,III,VII
107,VII,i
108,i,VI
109,VI,III
110,III,VII
111,VII,i
112,i,VI
113,VI,III
114,III,VII
115,VII,i
116,i,VI
117,VI,III
118,III,VII
119,VII,i
120,i,VI
121,VI,III
122,III,VII
123,VII,i
124,i,VI
125,VI,III
126,III,VII
127,VII,i
128,i,VI
129,VI,III
130,III,VII
131,VII,i
132,i,VI
133,VI,III
134,III,VII
135,VII,i
136,i,VI
137,VI,III
138,III,VII
139,VII,i
140,i,VI
141,VI,III
142,III,VII
143,VII,i
144,i,VI
145,VI,III
146,III,VII
147,VII,i
148,i,VI
149,VI,III
150,III,VII
0,I,II
1,II,I
2,I,II
3,II,I
4,I,II
5,II,I
6,I,II
7,II,I
8,I,II
9,II,I
10,I,II
11,II,I
12,I,II
13,II,I
14,I,II
15,II,iii
16,iii,vii
17,vii,I
18,I,II
19,II,iii
20,iii,vii
21,vii,I
22,I,II
23,II,iii
24,iii,‚ôØiv
25,‚ôØiv,V
26,V,VII
27,VII,I
28,I,II
29,II,I
30,I,II
31,II,I
32,I,II
33,II,I
34,I,II
35,II,I
36,I,II
37,II,I
38,I,II
39,II,I
40,I,II
41,II,I
42,I,II
43,II,I
44,I,II
45,II,I
46,I,II
47,II,I
48,I,II
49,II,I
50,I,II
51,II,iii
52,iii,vii
53,vii,I
54,I,II
55,II,iii
56,iii,vii
57,vii,I
58,I,II
59,II,iii
60,iii,‚ôØiv
61,‚ôØiv,V
62,V,VII
63,VII,I
64,I,II
65,II,I
66,I,II
67,II,I
68,I,II
69,II,I
70,I,II
71,II,I
72,I,II
73,II,I
74,I,II
75,II,I
76,I,II
77,II,I
78,I,II
0,i,III
1,III,iv
2,iv,V
3,V,v
4,v,VI
5,VI,VII
6,VII,VI
7,VI,iv
8,iv,i
9,i,i
10,i,VI
11,VI,iv
12,iv,i
13,i,VI
14,VI,iv
15,iv,i
16,i,VI
17,VI,iv
18,iv,i
19,i,VI
20,VI,iv
21,iv,i
22,i,VI
23,VI,iv
24,iv,i
25,i,VI
26,VI,v
27,v,i
28,i,v
29,v,i
30,i,VII
31,VII,III
32,III,V
33,V,i
34,i,VII
35,VII,III
36,III,V
37,V,i
38,i,VII
39,VII,III
40,III,V
41,V,VI
42,VI,iv
43,iv,i
44,i,VI
45,VI,iv
46,iv,i
47,i,i
48,i,VI
49,VI,iv
50,iv,i
51,i,VI
52,VI,iv
53,iv,i
54,i,VI
55,VI,iv
56,iv,i
57,i,VI
58,VI,iv
59,iv,i
60,i,VI
61,VI,iv
62,iv,i
63,i,VI
64,VI,iv
65,iv,i
66,i,VI
67,VI,i
68,i,III
69,III,VII
70,VII,VI
71,VI,i
72,i,III
73,III,V
74,V,VI
75,VI,i
76,i,III
77,III,VII
78,VII,VI
79,VI,i
80,i,III
81,III,V
82,V,i
83,i,VII
84,VII,III
85,III,v
86,v,i
87,i,VII
88,VII,III
89,III,v
90,v,i
91,i,VII
92,VII,III
93,III,v
94,v,i
95,i,VII
96,VII,III
97,III,v
98,v,VI
99,VI,v
100,v,i
101,i,v
102,v,i
103,i,VII
104,VII,III
105,III,V
106,V,i
107,i,VII
108,VII,III
109,III,V
110,V,i
111,i,VII
112,VII,III
113,III,V
114,V,VI
115,VI,iv
116,iv,i
117,i,VI
118,VI,iv
119,iv,i
120,i,VI
121,VI,iv
122,iv,i
123,i,VI
124,VI,iv
125,iv,i
0,i,v
1,v,iv
2,iv,v
3,v,i
4,i,v
5,v,iv
6,iv,v
7,v,i
8,i,v
9,v,iv
10,iv,v
11,v,i
12,i,v
13,v,iv
14,iv,v
15,v,i
16,i,v
17,v,iv
18,iv,v
19,v,i
20,i,v
21,v,iv
22,iv,v
23,v,i
24,i,v
25,v,iv
26,iv,v
27,v,i
28,i,v
29,v,i
30,i,v
31,v,iv
32,iv,v
33,v,i
34,i,v
35,v,iv
36,iv,v
37,v,i
38,i,v
39,v,iv
40,iv,v
41,v,i
42,i,v
43,v,iv
44,iv,v
45,v,i
46,i,v
47,v,iv
48,iv,v
49,v,i
50,i,v
51,v,iv
52,iv,v
53,v,i
54,i,v
55,v,iv
56,iv,v
57,v,i
58,i,v
59,v,iv
60,iv,v
61,v,i
62,i,v
63,v,iv
64,iv,v
65,v,i
66,i,v
67,v,VI
68,VI,i
69,i,v
70,v,iv
71,iv,v
72,v,i
73,i,v
74,v,iv
75,iv,v
76,v,i
77,i,v
78,v,iv
79,iv,v
80,v,i
0,III,i
1,i,v
2,v,VII
3,VII,IV
4,IV,III
5,III,i
6,i,v
7,v,VII
8,VII,IV
9,IV,III
10,III,i
11,i,v
12,v,IV
13,IV,i
14,i,III
15,III,v
16,v,VII
17,VII,i
18,i,III
19,III,v
20,v,v
21,v,VII
22,VII,i
23,i,III
24,III,III
25,III,v
26,v,v
27,v,VII
28,VII,III
29,III,i
30,i,v
31,v,VII
32,VII,IV
33,IV,III
34,III,i
35,i,v
36,v,VII
37,VII,IV
38,IV,i
39,i,III
40,III,v
41,v,VII
42,VII,i
43,i,III
44,III,v
45,v,VII
46,VII,i
47,i,III
48,III,v
49,v,VII
50,VII,i
51,i,III
52,III,v
53,v,IV
54,IV,i
55,i,III
56,III,v
57,v,VII
58,VII,i
59,i,III
60,III,v
61,v,VII
62,VII,i
63,i,III
64,III,v
65,v,VII
66,VII,i
67,i,III
68,III,v
69,v,IV
70,IV,VII
0,i,i
1,i,VI
2,VI,III
3,III,VII
4,VII,i
5,i,i
6,i,VI
7,VI,III
8,III,VII
9,VII,i
10,i,VII
11,VII,III
12,III,VI
13,VI,VII
14,VII,VII
15,VII,III
16,III,VI
17,VI,i
18,i,i
19,i,VI
20,VI,III
21,III,VII
22,VII,i
23,i,i
24,i,VI
25,VI,III
26,III,VII
27,VII,i
28,i,VII
29,VII,III
30,III,VI
31,VI,VII
32,VII,VII
33,VII,III
34,III,VI
35,VI,i
36,i,i
37,i,VI
38,VI,III
39,III,III
40,III,VII
41,VII,III
42,III,VI
43,VI,VII
44,VII,VII
45,VII,III
46,III,VI
47,VI,i
48,i,i
49,i,VI
50,VI,VII
51,VII,i
52,i,III
53,III,VII6
54,VII6,i
55,i,i
56,i,VI
57,VI,III
58,III,VII
59,VII,i
60,i,i
61,i,VI
62,VI,III
63,III,VII
64,VII,i
65,i,VII
66,VII,III
67,III,VI
68,VI,VII
69,VII,VII
70,VII,III
71,III,VI
72,VI,i
73,i,i
74,i,VI
75,VI,III
76,III,III
77,III,VII
78,VII,III
79,III,VI
80,VI,VII
81,VII,VII
82,VII,III
83,III,VI
84,VI,i
85,i,i
86,i,VI
87,VI,VII
88,VII,i
89,i,III
90,III,VII6
0,iv,‚ô≠II
1,‚ô≠II,‚ô≠III
2,‚ô≠III,i
3,i,iv
4,iv,‚ô≠II
5,‚ô≠II,‚ô≠III
6,‚ô≠III,i
7,i,‚ô≠II
8,‚ô≠II,iv
9,iv,‚ô≠III
10,‚ô≠III,‚ô≠III
11,‚ô≠III,‚ô≠II
12,‚ô≠II,‚ô≠III
13,‚ô≠III,‚ô≠VI
14,‚ô≠VI,‚ô≠II
15,‚ô≠II,‚ô≠II
16,‚ô≠II,‚ô≠III
17,‚ô≠III,‚ô≠VI
18,‚ô≠VI,‚ô≠II
19,‚ô≠II,‚ô≠II
20,‚ô≠II,‚ô≠III
21,‚ô≠III,‚ô≠VI
22,‚ô≠VI,‚ô≠II
23,‚ô≠II,‚ô≠II
24,‚ô≠II,‚ô≠III
25,‚ô≠III,‚ô≠VI
26,‚ô≠VI,‚ô≠II
27,‚ô≠II,‚ô≠II
28,‚ô≠II,‚ô≠III
29,‚ô≠III,‚ô≠VI
30,‚ô≠VI,‚ô≠II
31,‚ô≠II,‚ô≠II
32,‚ô≠II,‚ô≠III
33,‚ô≠III,‚ô≠VI
34,‚ô≠VI,‚ô≠II
35,‚ô≠II,‚ô≠II
36,‚ô≠II,iv
37,iv,‚ô≠II
38,‚ô≠II,‚ô≠III
39,‚ô≠III,i
40,i,‚ô≠II
41,‚ô≠II,iv
42,iv,‚ô≠III
43,‚ô≠III,‚ô≠III
44,‚ô≠III,‚ô≠II
45,‚ô≠II,‚ô≠III
46,‚ô≠III,‚ô≠VI
47,‚ô≠VI,‚ô≠II
48,‚ô≠II,‚ô≠II
49,‚ô≠II,‚ô≠III
50,‚ô≠III,‚ô≠VI
51,‚ô≠VI,‚ô≠II
52,‚ô≠II,‚ô≠II
53,‚ô≠II,‚ô≠III
54,‚ô≠III,‚ô≠VI
55,‚ô≠VI,‚ô≠II
56,‚ô≠II,‚ô≠II
57,‚ô≠II,‚ô≠III
58,‚ô≠III,‚ô≠VI
59,‚ô≠VI,‚ô≠II
60,‚ô≠II,‚ô≠II
61,‚ô≠II,‚ô≠III
62,‚ô≠III,‚ô≠VI
63,‚ô≠VI,‚ô≠II
64,‚ô≠II,‚ô≠II
65,‚ô≠II,‚ô≠III
66,‚ô≠III,‚ô≠VI
67,‚ô≠VI,‚ô≠II
68,‚ô≠II,‚ô≠II
69,‚ô≠II,‚ô≠II
70,‚ô≠II,‚ô≠II
71,‚ô≠II,‚ô≠III
72,‚ô≠III,‚ô≠VI
73,‚ô≠VI,‚ô≠II
74,‚ô≠II,‚ô≠II
75,‚ô≠II,‚ô≠VI
76,‚ô≠VI,‚ô≠II
0,i,i
1,i,‚ôØvi√∏7
2,‚ôØvi√∏7,VIM7
3,VIM7,i
4,i,i
5,i,‚ôØvi√∏7
6,‚ôØvi√∏7,VIM7
7,VIM7,i
8,i,i
9,i,‚ôØvi√∏7
10,‚ôØvi√∏7,VIM7
11,VIM7,i
12,i,i
13,i,‚ôØvi√∏7
14,‚ôØvi√∏7,VIM7
15,VIM7,i
16,i,i
17,i,‚ôØvi√∏7
18,‚ôØvi√∏7,VIM7
19,VIM7,i
20,i,i
21,i,‚ôØvi√∏7
22,‚ôØvi√∏7,VIM7
23,VIM7,i
24,i,i
25,i,‚ôØvi√∏7
26,‚ôØvi√∏7,VIM7
27,VIM7,i
28,i,i
29,i,‚ôØvi√∏7
30,‚ôØvi√∏7,VIM7
31,VIM7,i
32,i,i
33,i,‚ôØvi√∏7
34,‚ôØvi√∏7,VIM7
35,VIM7,i
36,i,i
37,i,‚ôØvi√∏7
38,‚ôØvi√∏7,VIM7
39,VIM7,i
40,i,i
41,i,‚ôØvi√∏7
42,‚ôØvi√∏7,VIM7
43,VIM7,i
44,i,i
45,i,‚ôØvi√∏7
46,‚ôØvi√∏7,VIM7
47,VIM7,i
48,i,i
49,i,‚ôØvi√∏7
50,‚ôØvi√∏7,VIM7
51,VIM7,i
52,i,i
53,i,‚ôØvi√∏7
54,‚ôØvi√∏7,VIM7
55,VIM7,i
56,i,i
57,i,‚ôØvi√∏7
58,‚ôØvi√∏7,VIM7
59,VIM7,i
60,i,i
61,i,‚ôØvi√∏7
62,‚ôØvi√∏7,VIM7
63,VIM7,i
64,i,i42
65,i42,‚ôØvi√∏7
66,‚ôØvi√∏7,VIM7
67,VIM7,i
68,i,i
69,i,‚ôØvi√∏7
70,‚ôØvi√∏7,VIM7
71,VIM7,i
72,i,i
73,i,‚ôØvi√∏7
74,‚ôØvi√∏7,VIM7
75,VIM7,i
76,i,i
77,i,‚ôØvi√∏7
78,‚ôØvi√∏7,VIM7
79,VIM7,i
80,i,i
81,i,‚ôØvi√∏7
82,‚ôØvi√∏7,VIM7
83,VIM7,i
84,i,i
85,i,‚ôØvi√∏7
86,‚ôØvi√∏7,VIM7
87,VIM7,i
88,i,i
89,i,‚ôØvi√∏7
90,‚ôØvi√∏7,VIM7
91,VIM7,i
92,i,i
93,i,‚ôØvi√∏7
94,‚ôØvi√∏7,VIM7
95,VIM7,i
96,i,i
97,i,‚ôØvi√∏7
98,‚ôØvi√∏7,VIM7
99,VIM7,i
100,i,i
101,i,‚ôØvi√∏7
102,‚ôØvi√∏7,VIM7
103,VIM7,i
104,i,i
105,i,‚ôØvi√∏7
106,‚ôØvi√∏7,i
107,i,i
108,i,‚ôØvi√∏7
109,‚ôØvi√∏7,VIM7
110,VIM7,i
111,i,i
112,i,‚ôØvi√∏7
113,‚ôØvi√∏7,VIM7
114,VIM7,i
115,i,i
116,i,‚ôØvi√∏7
117,‚ôØvi√∏7,VIM7
118,VIM7,i
119,i,i
120,i,‚ôØvi√∏7
121,‚ôØvi√∏7,VIM7
122,VIM7,i
123,i,i
124,i,‚ôØvi√∏7
125,‚ôØvi√∏7,VIM7
126,VIM7,i
127,i,i
128,i,‚ôØvi√∏7
129,‚ôØvi√∏7,VIM7
130,VIM7,i
0,IV,I
1,I,vi
2,vi,V
3,V,IV
4,IV,I
5,I,vi
6,vi,iii
7,iii,IV
8,IV,I
9,I,vi
10,vi,V
11,V,IV
12,IV,I
13,I,vi
14,vi,iii
15,iii,IV
16,IV,I
17,I,vi
18,vi,V
19,V,IV
20,IV,I
21,I,vi
22,vi,iii
23,iii,IV
24,IV,I
25,I,vi
26,vi,V
27,V,IV
28,IV,I
29,I,vi
30,vi,iii
31,iii,IV
32,IV,I
33,I,vi
34,vi,V
35,V,IV
36,IV,I
37,I,vi
38,vi,iii
39,iii,I
40,I,III
41,III,vi
42,vi,iv
43,iv,I
44,I,III
45,III,vi
46,vi,iv
47,iv,IV
48,IV,I
49,I,vi
50,vi,V
51,V,IV
52,IV,I
53,I,vi
54,vi,iii
55,iii,IV
56,IV,I
57,I,vi
58,vi,V
59,V,IV
60,IV,I
61,I,vi
62,vi,iii
63,iii,IV
64,IV,I
65,I,vi
66,vi,V
67,V,IV
68,IV,I
69,I,vi
70,vi,iii
71,iii,IV
72,IV,I
73,I,vi
74,vi,V
75,V,IV
76,IV,I
77,I,vi
78,vi,I
79,I,III
80,III,vi
81,vi,iv
82,iv,I
83,I,III
84,III,vi
85,vi,iv
86,iv,I
87,I,III
88,III,vi
89,vi,iv
90,iv,I
91,I,III
92,III,vi
93,vi,iv
94,iv,IV
95,IV,I
96,I,vi
97,vi,V
98,V,IV
99,IV,I
100,I,vi
101,vi,iii
102,iii,IV
103,IV,I
104,I,vi
105,vi,V
106,V,IV
107,IV,I
108,I,vi
109,vi,iii
110,iii,IV
111,IV,I
112,I,vi
113,vi,V
114,V,IV
115,IV,I
116,I,vi
117,vi,iii
118,iii,IV
119,IV,I
120,I,vi
121,vi,V
122,V,IV
123,IV,I
124,I,vi
125,vi,iii
0,ii,VII
1,VII,IV
2,IV,I
3,I,ii
4,ii,VII
5,VII,IV
6,IV,I
7,I,ii
8,ii,VII
9,VII,IV
10,IV,I
11,I,ii
12,ii,VII
13,VII,IV
14,IV,I
15,I,ii
16,ii,VII
17,VII,IV
18,IV,I
19,I,ii
20,ii,VII
21,VII,IV
22,IV,I
23,I,ii
24,ii,VII
25,VII,IV
26,IV,I
27,I,ii
28,ii,VII
29,VII,IV
30,IV,I
31,I,ii
32,ii,VII
33,VII,IV
34,IV,I
35,I,ii
36,ii,VII
37,VII,IV
38,IV,I
39,I,ii
40,ii,VII
41,VII,IV
42,IV,I
43,I,ii
44,ii,VII
45,VII,IV
46,IV,I
47,I,ii
48,ii,VII
49,VII,IV
50,IV,I
51,I,ii
52,ii,VII
53,VII,IV
54,IV,I
55,I,ii
56,ii,VII
57,VII,IV
58,IV,I
59,I,ii
60,ii,VII
61,VII,IV
62,IV,I
63,I,ii
64,ii,VII
65,VII,IV
66,IV,I
67,I,ii
68,ii,VII
69,VII,IV
70,IV,I
71,I,ii
72,ii,VII
73,VII,IV
74,IV,I
75,I,ii
76,ii,VII
77,VII,IV
78,IV,I
79,I,ii
80,ii,VII
81,VII,IV
82,IV,I
83,I,ii
84,ii,VII
85,VII,IV
86,IV,I
87,I,ii
88,ii,VII
89,VII,IV
90,IV,I
91,I,ii
92,ii,VII
93,VII,IV
94,IV,I
95,I,ii
96,ii,VII
97,VII,IV
98,IV,I
99,I,ii
100,ii,VII
101,VII,IV
102,IV,I
103,I,ii
104,ii,VII
105,VII,IV
106,IV,I
107,I,ii
108,ii,VII
109,VII,IV
110,IV,I
111,I,ii
112,ii,VII
113,VII,IV
114,IV,I
115,I,ii
116,ii,VII
117,VII,IV
118,IV,I
119,I,ii
120,ii,VII
121,VII,IV
122,IV,I
123,I,ii
124,ii,VII
125,VII,IV
126,IV,I
127,I,ii
128,ii,VII
129,VII,IV
130,IV,I
131,I,ii
132,ii,VII
133,VII,IV
134,IV,I
135,I,ii
136,ii,VII
137,VII,IV
138,IV,I
139,I,ii
140,ii,VII
141,VII,IV
0,‚ô≠II,‚ô≠V
1,‚ô≠V,iv
2,iv,‚ô≠vii64
3,‚ô≠vii64,iv
4,iv,iv64
5,iv64,‚ô≠vii
6,‚ô≠vii,‚ô≠iii
7,‚ô≠iii,‚ô≠VI
8,‚ô≠VI,‚ô≠VI
9,‚ô≠VI,‚ô≠II
10,‚ô≠II,iv
11,iv,‚ô≠vii
12,‚ô≠vii,‚ô≠VI
13,‚ô≠VI,‚ô≠V
14,‚ô≠V,‚ô≠vii64
15,‚ô≠vii64,‚ô≠iii
16,‚ô≠iii,‚ô≠VI
17,‚ô≠VI,‚ô≠II
18,‚ô≠II,iv
19,iv,‚ô≠vii
20,‚ô≠vii,‚ô≠VI
21,‚ô≠VI,‚ô≠V
22,‚ô≠V,‚ô≠vii64
23,‚ô≠vii64,‚ô≠iii
24,‚ô≠iii,‚ô≠VI
25,‚ô≠VI,‚ô≠II
26,‚ô≠II,iv
27,iv,‚ô≠vii
28,‚ô≠vii,‚ô≠VI
29,‚ô≠VI,‚ô≠V
30,‚ô≠V,‚ô≠vii64
31,‚ô≠vii64,‚ô≠iii
32,‚ô≠iii,‚ô≠VI
33,‚ô≠VI,‚ô≠II
34,‚ô≠II,iv
35,iv,‚ô≠vii
36,‚ô≠vii,‚ô≠VI
37,‚ô≠VI,‚ô≠V
38,‚ô≠V,‚ô≠vii64
39,‚ô≠vii64,‚ô≠iii
40,‚ô≠iii,‚ô≠VI
41,‚ô≠VI,‚ô≠II
42,‚ô≠II,iv
43,iv,‚ô≠vii
44,‚ô≠vii,‚ô≠VI
45,‚ô≠VI,‚ô≠V
46,‚ô≠V,‚ô≠vii64
47,‚ô≠vii64,‚ô≠iii
48,‚ô≠iii,‚ô≠VI
49,‚ô≠VI,‚ô≠II
50,‚ô≠II,iv
51,iv,‚ô≠vii
52,‚ô≠vii,‚ô≠VI
53,‚ô≠VI,‚ô≠V
54,‚ô≠V,‚ô≠vii64
55,‚ô≠vii64,‚ô≠iii
56,‚ô≠iii,‚ô≠VI
57,‚ô≠VI,‚ô≠vii
58,‚ô≠vii,‚ô≠VI
59,‚ô≠VI,‚ô≠V
60,‚ô≠V,‚ô≠II
61,‚ô≠II,iv
62,iv,‚ô≠vii
63,‚ô≠vii,‚ô≠VI
64,‚ô≠VI,‚ô≠V
65,‚ô≠V,‚ô≠vii64
66,‚ô≠vii64,‚ô≠iii
67,‚ô≠iii,‚ô≠VI
68,‚ô≠VI,‚ô≠II
69,‚ô≠II,iv
70,iv,‚ô≠vii
71,‚ô≠vii,‚ô≠VI
72,‚ô≠VI,‚ô≠V
73,‚ô≠V,‚ô≠vii64
74,‚ô≠vii64,‚ô≠iii
75,‚ô≠iii,‚ô≠VI
76,‚ô≠VI,‚ô≠II
77,‚ô≠II,iv
78,iv,‚ô≠vii
79,‚ô≠vii,‚ô≠VI
80,‚ô≠VI,‚ô≠V
81,‚ô≠V,‚ô≠vii64
82,‚ô≠vii64,‚ô≠iii
83,‚ô≠iii,‚ô≠VI
84,‚ô≠VI,‚ô≠II
85,‚ô≠II,iv
86,iv,‚ô≠vii
87,‚ô≠vii,‚ô≠VI
88,‚ô≠VI,‚ô≠V
89,‚ô≠V,‚ô≠vii64
90,‚ô≠vii64,‚ô≠iii
91,‚ô≠iii,‚ô≠VI
92,‚ô≠VI,‚ô≠vii
93,‚ô≠vii,‚ô≠VI
94,‚ô≠VI,‚ô≠V
95,‚ô≠V,iv
96,iv,‚ô≠vii
97,‚ô≠vii,‚ô≠VI
98,‚ô≠VI,‚ô≠V
99,‚ô≠V,iv
100,iv,‚ô≠vii
101,‚ô≠vii,‚ô≠VI
102,‚ô≠VI,‚ô≠V
103,‚ô≠V,‚ô≠II
104,‚ô≠II,iv
105,iv,‚ô≠vii
106,‚ô≠vii,‚ô≠VI
107,‚ô≠VI,‚ô≠V
108,‚ô≠V,‚ô≠vii64
109,‚ô≠vii64,‚ô≠iii
110,‚ô≠iii,‚ô≠VI
111,‚ô≠VI,‚ô≠II
112,‚ô≠II,iv
113,iv,‚ô≠vii
114,‚ô≠vii,‚ô≠VI
115,‚ô≠VI,‚ô≠V
116,‚ô≠V,‚ô≠vii64
117,‚ô≠vii64,‚ô≠iii
118,‚ô≠iii,‚ô≠VI
0,I,V
1,V,II
2,II,vi
3,vi,I
4,I,V
5,V,II
6,II,I
7,I,V
8,V,II
9,II,I
10,I,V
11,V,II
12,II,I
13,I,V
14,V,II
15,II,vi
16,vi,I
17,I,V
18,V,II
19,II,vi
20,vi,I
21,I,V
22,V,II
23,II,I
24,I,VM7
25,VM7,I
26,I,V
27,V,II
28,II,I
29,I,VM7
30,VM7,I
31,I,V
32,V,II
33,II,I
34,I,VM7
35,VM7,I
36,I,V
37,V,II
38,II,I
39,I,VM7
40,VM7,I
41,I,iii
42,iii,V
43,V,II
44,II,I
45,I,V
46,V,II
47,II,vi
48,vi,I
49,I,V
50,V,II
51,II,I
52,I,V
53,V,II
54,II,vi
55,vi,I
56,I,V
57,V,II
58,II,I
59,I,V
60,V,II
61,II,vi
62,vi,I
63,I,V
64,V,II
65,II,I
66,I,V
67,V,II
68,II,vi
69,vi,I
70,I,V
71,V,II
72,II,I
73,I,V
74,V,II
75,II,vi
76,vi,I
77,I,V
78,V,II
79,II,vi
80,vi,I
81,I,V
82,V,II
83,II,I
84,I,VM7
85,VM7,I
86,I,V
87,V,II
88,II,I
89,I,VM7
90,VM7,I
91,I,V
92,V,II
93,II,I
94,I,VM7
95,VM7,I
96,I,V
97,V,II
98,II,I
99,I,VM7
100,VM7,I
101,I,iii
102,iii,V
103,V,II
104,II,I
105,I,V
106,V,II
107,II,vi
108,vi,I
109,I,V
110,V,II
0,I,vi7
1,vi7,V
2,V,IVM7
3,IVM7,I
4,I,vi7
5,vi7,V
6,V,IVM7
7,IVM7,I
8,I,vi7
9,vi7,V
10,V,IVM7
11,IVM7,I
12,I,vi7
13,vi7,V
14,V,IVM7
15,IVM7,I
16,I,vi7
17,vi7,V
18,V,IVM7
19,IVM7,I
20,I,vi7
21,vi7,V
22,V,IVM7
23,IVM7,I
24,I,vi7
25,vi7,V
26,V,IVM7
27,IVM7,I
28,I,vi7
29,vi7,V
30,V,IVM7
31,IVM7,I
32,I,vi7
33,vi7,V
34,V,IVM7
35,IVM7,I
36,I,vi7
37,vi7,V
38,V,IVM7
39,IVM7,I
40,I,vi7
41,vi7,V
42,V,IVM7
43,IVM7,I
0,I,VI
1,VI,‚ô≠VI
2,‚ô≠VI,I
3,I,‚ô≠III
4,‚ô≠III,IV
5,IV,‚ô≠VI
6,‚ô≠VI,I
7,I,‚ô≠III
8,‚ô≠III,IV
9,IV,‚ô≠VI
10,‚ô≠VI,I
11,I,‚ô≠III
12,‚ô≠III,IV
13,IV,‚ô≠VII
14,‚ô≠VII,I
15,I,‚ô≠III
16,‚ô≠III,IV
17,IV,‚ô≠VII
18,‚ô≠VII,I
19,I,I
20,I,V
21,V,I
22,I,V
23,V,I
24,I,V
25,V,I
26,I,V
27,V,I
28,I,V
29,V,I
30,I,V
31,V,I
32,I,V
33,V,I
34,I,V
35,V,I
36,I,VI
37,VI,‚ô≠VI
38,‚ô≠VI,I
39,I,‚ô≠III
40,‚ô≠III,IV
41,IV,‚ô≠VI
42,‚ô≠VI,I
43,I,‚ô≠III
44,‚ô≠III,IV
45,IV,‚ô≠VI
46,‚ô≠VI,I
47,I,‚ô≠III
48,‚ô≠III,IV
49,IV,‚ô≠VI
50,‚ô≠VI,I
51,I,‚ô≠III
52,‚ô≠III,IV
53,IV,‚ô≠VII
54,‚ô≠VII,I
55,I,V
56,V,I
57,I,V
58,V,I
59,I,V
60,V,I
61,I,V
62,V,I
63,I,V
64,V,I
65,I,V
66,V,I
67,I,V
68,V,I
69,I,V
0,i,IV
1,IV,VII
2,VII,III
3,III,VII6
4,VII6,i
5,i,IV
6,IV,VII
7,VII,III
8,III,VII6
9,VII6,i
10,i,IV
11,IV,v
12,v,III
13,III,VII
14,VII,IV6
15,IV6,v
16,v,III
17,III,VII
18,VII,IV6
19,IV6,v
20,v,III
21,III,VII
22,VII,IV6
23,IV6,v
24,v,III
25,III,VII
26,VII,IV6
27,IV6,v
28,v,III
29,III,i
30,i,IV
31,IV,VII
32,VII,III
33,III,VII6
34,VII6,i
35,i,IV
36,IV,VII
37,VII,III
38,III,VII6
39,VII6,i
40,i,IV
41,IV,v
42,v,III
43,III,VII
44,VII,IV6
45,IV6,v
46,v,III
47,III,VII
48,VII,IV6
49,IV6,v
50,v,III
51,III,VII
52,VII,IV6
53,IV6,v
54,v,III
55,III,VII
56,VII,IV6
57,IV6,v
58,v,III
59,III,ii
60,ii,VI
61,VI,ii
62,ii,VI
63,VI,i
64,i,IV
65,IV,i
66,i,IV
67,IV,VII
68,VII,III
69,III,VII6
70,VII6,i
71,i,IV
72,IV,VII
73,VII,III
74,III,VII6
75,VII6,i
76,i,IV
77,IV,v
78,v,III
79,III,VII
80,VII,IV6
81,IV6,v
82,v,III
83,III,VII
84,VII,IV6
85,IV6,v
86,v,III
87,III,VII
88,VII,IV6
89,IV6,v
90,v,III
91,III,VII
92,VII,IV6
93,IV6,v
94,v,III
95,III,VII
96,VII,IV6
97,IV6,v
98,v,III
99,III,VII
100,VII,IV6
101,IV6,v
102,v,III
103,III,VII
104,VII,IV6
105,IV6,v
106,v,III
107,III,VII
108,VII,IV6
109,IV6,v
110,v,III
0,IV,I
1,I,vi
2,vi,V
3,V,IV
4,IV,I
5,I,vi
6,vi,V
7,V,IV
8,IV,I
9,I,vi
10,vi,V
11,V,IV
12,IV,I
13,I,vi
14,vi,V
15,V,IV
16,IV,I
17,I,vi
18,vi,V
19,V,IV
20,IV,I
21,I,vi
22,vi,V
23,V,IV
24,IV,I
25,I,V
26,V,I
27,I,V
28,V,ii
29,ii,ii
30,ii,IV
31,IV,I
32,I,I
33,I,V
34,V,ii
35,ii,ii
36,ii,IV
37,IV,I
38,I,IV
39,IV,I
40,I,vi
41,vi,V
42,V,IV
43,IV,I
44,I,vi
45,vi,V
46,V,IV
47,IV,I
48,I,vi
49,vi,V
50,V,IV
51,IV,I
52,I,vi
53,vi,V
54,V,IV
55,IV,I
56,I,I
57,I,vi
58,vi,V
59,V,I
60,I,V
61,V,ii
62,ii,ii
63,ii,IV
64,IV,I
65,I,I
66,I,V
67,V,ii
68,ii,ii
69,ii,IV
70,IV,I
71,I,I
72,I,IV
73,IV,I
74,I,IV
75,IV,I
76,I,vi
77,vi,V
78,V,I
79,I,IV
80,IV,I
81,I,IV
82,IV,I
83,I,vi
84,vi,V
85,V,I
86,I,V
87,V,ii
88,ii,ii
89,ii,IV
90,IV,I
91,I,I
92,I,V
93,V,ii
94,ii,ii
95,ii,IV
96,IV,I
